D = propeller diameter [m],AEdAO = expanded area ratio,PdD = pitch ratio,Z = propeller's number of blades,P_B = power brake,n = Propeller angular speed [rpm],fitness,t075dD,tmin075dD,tal07R,cavLim,Vtip,Vtipmax,penalty,valid
0.8,0.7674557052335453,0.7293790445122269,6,106.58643234423799,106.58643234423799,-106.58643234423799
history
-187.570786,-187.570786,-187.570786,-187.570786,-187.570786,-187.570786,-187.570786,-187.570786,-187.570786,-187.570786,-187.570786,-187.570786,-187.570786,-187.570786,-187.570786,-187.570786,-187.570786,-187.570786,-187.570786,-187.570786,-187.570786,-187.570786,-187.570786,-187.570786,-187.570786,-187.570786,-110.741244,-110.741244,-110.741244,-110.741244
solver Name,V_S,NPOPULATION,MAX_ITERATION,SEED
DE,7.5,30,30,5
