D = propeller diameter [m],AEdAO = expanded area ratio,PdD = pitch ratio,Z = propeller's number of blades,P_B = power brake,n = Propeller angular speed [rpm],fitness,t075dD,tmin075dD,tal07R,cavLim,Vtip,Vtipmax,penalty,valid
0.8,0.6258473222730072,0.6548807290072196,5,81.43260848000104,81.43260848000104,-81.43260848000104
history
-94.056016,-94.056016,-94.056016,-94.056016,-92.11548,-92.11548,-92.11548,-92.11548,-91.484916,-91.484916,-87.49073,-87.49073,-87.49073,-87.49073,-87.49073,-83.483889,-83.483889,-83.483889,-83.373876,-83.373876,-83.373876,-83.373876,-83.373876,-82.142098,-82.142098,-82.142098,-82.142098,-82.142098,-82.142098,-82.142098
solver Name,V_S,NPOPULATION,MAX_ITERATION,SEED
DE,7.0,30,30,4
