D = propeller diameter [m],AEdAO = expanded area ratio,PdD = pitch ratio,Z = propeller's number of blades,P_B = power brake,n = Propeller angular speed [rpm],fitness,t075dD,tmin075dD,tal07R,cavLim,Vtip,Vtipmax,penalty,valid
0.8,0.9219348391958555,0.709149845554711,5,170.31857855831865,170.31857855831865,-170.31857855831865
history
-219.530564,-268.522187,-190.273454,-207.059438,-176.263087,-190.661148,-181.281611,-187.992134,-179.558504,-181.281611,-199.750411,-173.311858,-173.001229,-172.088622,-180.01379,-176.669155,-176.669155,-177.465326,-173.161981,-174.188988,-173.982301,-173.001229,-172.981194,-170.318579,-171.886982,-173.166183,-170.318579,-171.0798,-172.990763,-173.013071
solver Name,V_S,NPOPULATION,MAX_ITERATION,SEED
DE_mod,8.5,30,30,0
