D = propeller diameter [m],AEdAO = expanded area ratio,PdD = pitch ratio,Z = propeller's number of blades,P_B = power brake,n = Propeller angular speed [rpm],fitness,t075dD,tmin075dD,tal07R,cavLim,Vtip,Vtipmax,penalty,valid
0.8,0.8050903690772494,0.6663823369856953,6,135.68302175124106,135.68302175124106,-135.68302175124106
history
-142.375425,-141.648465,-144.75589,-136.149213,-139.918977,-142.834216,-141.452929,-139.080758,-136.348406,-135.683022,-136.609862,-136.071613,-136.071613,-135.683022,-136.981427,-135.794145,-136.071613,-135.683022,-135.683022,-135.762818,-136.334167,-135.730198,-135.683022,-135.762818,-135.683022,-135.731386,-135.896189,-135.730198,-136.048818,-135.812028
solver Name,V_S,NPOPULATION,MAX_ITERATION,SEED
DE_mod,8.0,30,30,3
