D = propeller diameter [m],AEdAO = expanded area ratio,PdD = pitch ratio,Z = propeller's number of blades,P_B = power brake,n = Propeller angular speed [rpm],fitness,t075dD,tmin075dD,tal07R,cavLim,Vtip,Vtipmax,penalty,valid
0.8,0.6723061919517811,0.657055811631296,5,81.6109616325799,81.6109616325799,-81.6109616325799
history
-88.612176,-88.612176,-88.612176,-87.455569,-87.455569,-87.455569,-87.455569,-86.240568,-86.240568,-86.240568,-86.240568,-86.240568,-86.240568,-86.240568,-85.160526,-85.160526,-85.160526,-83.4543,-83.4543,-83.4543,-83.4543,-83.4543,-83.4543,-83.4543,-83.4543,-83.4543,-83.4543,-82.025957,-82.025957,-82.025957
solver Name,V_S,NPOPULATION,MAX_ITERATION,SEED
DE,7.0,30,30,5
