D = propeller diameter [m],AEdAO = expanded area ratio,PdD = pitch ratio,Z = propeller's number of blades,P_B = power brake,n = Propeller angular speed [rpm],fitness,t075dD,tmin075dD,tal07R,cavLim,Vtip,Vtipmax,penalty,valid
0.8,0.9501150589682941,0.715088887358088,6,170.37668717349624,170.37668717349624,-170.37668717349624
history
-215.348727,-221.586672,-240.637969,-194.074,-172.97271,-202.759347,-180.090647,-191.593501,-172.97271,-207.413815,-179.521434,-176.683624,-173.154716,-180.159961,-190.248327,-172.773537,-173.174701,-173.23294,-174.006578,-171.946763,-173.099974,-172.773537,-171.234373,-171.946763,-171.946763,-170.376687,-171.061007,-171.234373,-170.376687,-171.070162
solver Name,V_S,NPOPULATION,MAX_ITERATION,SEED
DE_mod,8.5,30,30,5
