D = propeller diameter [m],AEdAO = expanded area ratio,PdD = pitch ratio,Z = propeller's number of blades,P_B = power brake,n = Propeller angular speed [rpm],fitness,t075dD,tmin075dD,tal07R,cavLim,Vtip,Vtipmax,penalty,valid
0.8,0.71384575648,0.6692404553722876,5,106.257642473273,106.257642473273,-106.257642473273
history
-121.643886,-135.421532,-133.15541,-110.48965,-107.607169,-109.990825,-106.76225,-111.27391,-108.950607,-106.833164,-108.372287,-106.67397,-106.619812,-106.67397,-106.922796,-106.257642,-106.917888,-106.257642,-106.619812,-106.500048,-106.395308,-106.291352,-106.308118,-106.291352,-106.357702,-106.308118,-106.308118,-106.329185,-106.257642,-106.313314
solver Name,V_S,NPOPULATION,MAX_ITERATION,SEED
DE_mod,7.5,30,30,9
