D = propeller diameter [m],AEdAO = expanded area ratio,PdD = pitch ratio,Z = propeller's number of blades,P_B = power brake,n = Propeller angular speed [rpm],fitness,t075dD,tmin075dD,tal07R,cavLim,Vtip,Vtipmax,penalty,valid
0.7982650990119726,0.8143805026472387,0.6606272996837839,6,136.07484265645664,136.07484265645664,-136.07484265645664
history
-149.851125,-184.006208,-192.347927,-154.90119,-148.428752,-139.000732,-140.388522,-141.129091,-147.397155,-140.388522,-141.152358,-136.651738,-138.754907,-136.651738,-136.875864,-138.827685,-136.651738,-139.076086,-138.48417,-136.687752,-137.231553,-136.622255,-137.482041,-137.614636,-136.500497,-136.687752,-136.774461,-136.074843,-136.774461,-136.714375
solver Name,V_S,NPOPULATION,MAX_ITERATION,SEED
DE_mod,8.0,30,30,6
