D = propeller diameter [m],AEdAO = expanded area ratio,PdD = pitch ratio,Z = propeller's number of blades,P_B = power brake,n = Propeller angular speed [rpm],fitness,t075dD,tmin075dD,tal07R,cavLim,Vtip,Vtipmax,penalty,valid
0.8,0.8467813486939246,0.7067005683987069,5,136.2458462057748,136.2458462057748,-136.2458462057748
history
-167.99282,-165.588666,-171.934263,-147.606559,-142.895445,-137.912463,-136.330263,-146.349502,-137.912463,-146.935845,-146.349502,-140.185155,-138.788479,-136.330263,-137.978365,-137.978365,-139.572692,-137.978365,-136.908206,-138.631987,-137.301814,-139.002089,-138.788479,-136.255366,-137.978365,-136.255366,-136.377397,-136.245846,-136.245846,-136.255366
solver Name,V_S,NPOPULATION,MAX_ITERATION,SEED
DE_mod,8.0,30,30,4
