D = propeller diameter [m],AEdAO = expanded area ratio,PdD = pitch ratio,Z = propeller's number of blades,P_B = power brake,n = Propeller angular speed [rpm],fitness,t075dD,tmin075dD,tal07R,cavLim,Vtip,Vtipmax,penalty,valid
0.8,0.7121987132827077,0.6657052729599999,5,106.24814889845564,106.24814889845564,-106.24814889845564
history
-126.685724,-142.638159,-113.725607,-110.692313,-113.161334,-107.445816,-108.704283,-111.007614,-109.209667,-109.203567,-110.221406,-109.597746,-107.938393,-108.229358,-108.155864,-107.151796,-106.828145,-107.554474,-106.81746,-106.81746,-107.326177,-107.326177,-107.140503,-106.248149,-106.828145,-106.491918,-106.280469,-106.428797,-106.248149,-106.488421
solver Name,V_S,NPOPULATION,MAX_ITERATION,SEED
DE_mod,7.5,30,30,6
