D = propeller diameter [m],AEdAO = expanded area ratio,PdD = pitch ratio,Z = propeller's number of blades,P_B = power brake,n = Propeller angular speed [rpm],fitness,t075dD,tmin075dD,tal07R,cavLim,Vtip,Vtipmax,penalty,valid
0.8,0.7309140382182798,0.7015463535350631,5,81.86521718693413,81.86521718693413,-81.86521718693413
history
-106.079937,-106.079937,-106.079937,-106.079937,-106.079937,-106.079937,-106.079937,-106.079937,-106.079937,-106.079937,-106.079937,-89.2891,-89.2891,-89.2891,-86.875694,-85.086358,-85.086358,-85.086358,-85.086358,-85.086358,-85.086358,-85.086358,-85.086358,-84.56856,-84.56856,-83.844415,-83.844415,-82.682363,-82.682363,-82.682363
solver Name,V_S,NPOPULATION,MAX_ITERATION,SEED
DE,7.0,30,30,2
