D = propeller diameter [m],AEdAO = expanded area ratio,PdD = pitch ratio,Z = propeller's number of blades,P_B = power brake,n = Propeller angular speed [rpm],fitness,t075dD,tmin075dD,tal07R,cavLim,Vtip,Vtipmax,penalty,valid
0.8,0.640753731399525,0.67471466463744,5,81.42590947461501,81.42590947461501,-81.42590947461501
history
-104.206013,-96.833177,-89.905055,-89.045667,-84.038332,-83.62287,-82.588647,-84.232839,-81.815598,-82.485236,-83.403837,-82.898185,-82.429506,-81.830264,-81.815598,-82.287219,-81.830264,-81.861384,-81.54694,-81.890893,-81.54694,-81.425909,-81.628436,-81.54694,-81.622189,-81.425909,-81.425909,-81.446783,-81.54694,-81.54694
solver Name,V_S,NPOPULATION,MAX_ITERATION,SEED
DE_mod,7.0,30,30,7
