D = propeller diameter [m],AEdAO = expanded area ratio,PdD = pitch ratio,Z = propeller's number of blades,P_B = power brake,n = Propeller angular speed [rpm],fitness,t075dD,tmin075dD,tal07R,cavLim,Vtip,Vtipmax,penalty,valid
0.8,0.647297562953319,0.6768522929192129,5,81.45064148546088,81.45064148546088,-81.45064148546088
history
-84.907361,-83.116449,-85.995017,-81.866859,-83.990206,-83.918445,-83.905999,-83.135262,-81.830977,-82.379956,-83.116449,-82.314627,-81.808603,-82.414289,-82.023759,-82.057857,-81.975823,-81.81906,-81.567579,-81.705851,-81.808603,-81.567579,-81.795934,-81.618914,-81.563969,-81.498988,-81.567579,-81.563969,-81.588077,-81.450641
solver Name,V_S,NPOPULATION,MAX_ITERATION,SEED
DE_mod,7.0,30,30,1
