D = propeller diameter [m],AEdAO = expanded area ratio,PdD = pitch ratio,Z = propeller's number of blades,P_B = power brake,n = Propeller angular speed [rpm],fitness,t075dD,tmin075dD,tal07R,cavLim,Vtip,Vtipmax,penalty,valid
0.8,0.666350813116365,0.6647264807897884,5,81.55159368891763,81.55159368891763,-81.55159368891763
history
-152.228165,-152.228165,-152.228165,-152.228165,-152.228165,-152.228165,-152.228165,-152.228165,-152.228165,-152.228165,-86.368912,-84.414925,-84.414925,-84.414925,-84.414925,-84.414925,-84.414925,-84.414925,-84.414925,-84.414925,-83.964447,-83.964447,-83.964447,-83.964447,-82.72359,-82.72359,-82.72359,-82.72359,-81.990877,-81.990877
solver Name,V_S,NPOPULATION,MAX_ITERATION,SEED
DE,7.0,30,30,1
