D = propeller diameter [m],AEdAO = expanded area ratio,PdD = pitch ratio,Z = propeller's number of blades,P_B = power brake,n = Propeller angular speed [rpm],fitness,t075dD,tmin075dD,tal07R,cavLim,Vtip,Vtipmax,penalty,valid
0.8,0.7222779259991978,0.6835772846079813,5,106.2948160031994,106.2948160031994,-106.2948160031994
history
-117.23865,-117.23865,-117.23865,-117.23865,-117.23865,-117.23865,-117.23865,-117.23865,-112.048662,-112.048662,-112.048662,-112.048662,-112.048662,-112.048662,-112.048662,-112.048662,-112.048662,-112.048662,-112.048662,-112.048662,-112.048662,-110.316659,-110.316659,-110.316659,-110.316659,-110.316659,-110.316659,-110.316659,-109.548013,-109.548013
solver Name,V_S,NPOPULATION,MAX_ITERATION,SEED
DE,7.5,30,30,9
