D = propeller diameter [m],AEdAO = expanded area ratio,PdD = pitch ratio,Z = propeller's number of blades,P_B = power brake,n = Propeller angular speed [rpm],fitness,t075dD,tmin075dD,tal07R,cavLim,Vtip,Vtipmax,penalty,valid
0.7907415226014369,0.34720338885124347,0.6912425247457109,3,165.85876417525014,165.85876417525014,-165.85876417525014
history
-191.237727,-173.874668,-174.689391,-180.404755,-204.84868,-170.822052,-173.151289,-180.404755,-173.874668,-172.98005,-173.367551,-173.151289,-173.881069,-176.774456,-172.983024,-173.155538,-173.151289,-173.369626,-175.208738,-172.983024,-172.452601,-171.583546,-171.583546,-169.895,-171.897521,-172.986895,-171.583546,-172.984173,-169.895,-170.216828
solver Name,V_S,NPOPULATION,MAX_ITERATION,SEED
DE_mod,8.5,30,30,3
