D = propeller diameter [m],AEdAO = expanded area ratio,PdD = pitch ratio,Z = propeller's number of blades,P_B = power brake,n = Propeller angular speed [rpm],fitness,t075dD,tmin075dD,tal07R,cavLim,Vtip,Vtipmax,penalty,valid
0.8,0.7118893165146926,0.6520122124503037,5,106.32043590697064,106.32043590697064,-106.32043590697064
history
-109.363795,-112.995978,-108.709745,-108.977979,-113.140393,-108.488232,-108.150504,-106.836629,-106.736784,-108.803285,-106.47728,-108.133561,-106.935186,-106.49386,-106.676084,-107.050496,-106.658577,-106.775928,-107.197291,-106.47728,-106.536712,-106.633016,-106.47728,-106.47728,-106.46567,-106.385133,-106.554586,-106.477593,-106.320436,-106.53149
solver Name,V_S,NPOPULATION,MAX_ITERATION,SEED
DE_mod,7.5,30,30,5
