D = propeller diameter [m],AEdAO = expanded area ratio,PdD = pitch ratio,Z = propeller's number of blades,P_B = power brake,n = Propeller angular speed [rpm],fitness,t075dD,tmin075dD,tal07R,cavLim,Vtip,Vtipmax,penalty,valid
0.8,0.743302671798568,0.6661163008209516,6,106.68421458002632,106.68421458002632,-106.68421458002632
history
-127.637639,-119.951246,-119.951246,-119.951246,-119.951246,-119.951246,-119.951246,-119.951246,-119.951246,-119.951246,-119.951246,-119.951246,-119.951246,-114.161975,-114.161975,-114.161975,-114.161975,-113.304491,-113.304491,-113.304491,-113.304491,-113.304491,-113.304491,-113.304491,-113.304491,-109.769645,-109.651552,-109.651552,-109.651552,-109.651552
solver Name,V_S,NPOPULATION,MAX_ITERATION,SEED
DE,7.5,30,30,8
