D = propeller diameter [m],AEdAO = expanded area ratio,PdD = pitch ratio,Z = propeller's number of blades,P_B = power brake,n = Propeller angular speed [rpm],fitness,t075dD,tmin075dD,tal07R,cavLim,Vtip,Vtipmax,penalty,valid
0.8,0.7012418073961348,0.6499883456410419,5,106.25086963168557,106.25086963168557,-106.25086963168557
history
-109.311698,-119.932155,-122.301813,-109.723816,-109.311698,-115.531183,-122.484642,-110.341215,-109.361583,-109.602903,-108.574234,-109.873496,-108.445176,-106.632139,-106.345861,-107.394168,-106.768144,-106.345861,-107.324128,-106.25087,-106.25087,-106.25087,-106.360175,-106.337716,-106.35857,-106.25087,-106.423504,-106.495402,-106.329498,-106.360175
solver Name,V_S,NPOPULATION,MAX_ITERATION,SEED
DE_mod,7.5,30,30,2
