D = propeller diameter [m],AEdAO = expanded area ratio,PdD = pitch ratio,Z = propeller's number of blades,P_B = power brake,n = Propeller angular speed [rpm],fitness,t075dD,tmin075dD,tal07R,cavLim,Vtip,Vtipmax,penalty,valid
0.8,0.8158161954602872,0.6882373805510565,6,135.61425890379206,135.61425890379206,-135.61425890379206
history
-182.733838,-155.468385,-191.311489,-136.379754,-137.114798,-137.295423,-135.614259,-140.206316,-137.114798,-138.363387,-136.662545,-137.899513,-135.614259,-136.61736,-139.508686,-136.305,-137.899513,-137.696859,-135.614259,-139.927327,-137.107076,-138.001845,-137.225254,-136.191626,-136.025415,-135.728635,-135.986924,-135.614259,-135.677059,-135.677059
solver Name,V_S,NPOPULATION,MAX_ITERATION,SEED
DE_mod,8.0,30,30,1
