D = propeller diameter [m],AEdAO = expanded area ratio,PdD = pitch ratio,Z = propeller's number of blades,P_B = power brake,n = Propeller angular speed [rpm],fitness,t075dD,tmin075dD,tal07R,cavLim,Vtip,Vtipmax,penalty,valid
0.8,0.7420424346700788,0.706047251377465,6,106.45705959509132,106.45705959509132,-106.45705959509132
history
-122.90859,-122.90859,-122.90859,-122.90859,-122.90859,-122.90859,-119.573211,-119.573211,-119.573211,-119.573211,-119.573211,-119.573211,-119.573211,-111.992366,-111.992366,-111.992366,-111.992366,-111.992366,-111.992366,-111.992366,-111.992366,-111.992366,-111.992366,-110.641913,-106.976151,-106.976151,-106.976151,-106.976151,-106.976151,-106.976151
solver Name,V_S,NPOPULATION,MAX_ITERATION,SEED
DE,7.5,30,30,9
