D = propeller diameter [m],AEdAO = expanded area ratio,PdD = pitch ratio,Z = propeller's number of blades,P_B = power brake,n = Propeller angular speed [rpm],fitness,t075dD,tmin075dD,tal07R,cavLim,Vtip,Vtipmax,penalty,valid
0.8,0.6627053032514567,0.6727254333312,5,81.51898516408761,81.51898516408761,-81.51898516408761
history
-96.289356,-91.050155,-88.108445,-83.363876,-85.881673,-84.181034,-83.62595,-84.560673,-82.80402,-83.093625,-83.525656,-83.394319,-83.479025,-82.80402,-82.79715,-82.240046,-82.240046,-81.862405,-81.934342,-81.810373,-81.704094,-81.817371,-81.810373,-81.988593,-81.518985,-81.534488,-81.851178,-81.518985,-81.588079,-81.59411
solver Name,V_S,NPOPULATION,MAX_ITERATION,SEED
DE_mod,7.0,30,30,5
