D = propeller diameter [m],AEdAO = expanded area ratio,PdD = pitch ratio,Z = propeller's number of blades,P_B = power brake,n = Propeller angular speed [rpm],fitness,t075dD,tmin075dD,tal07R,cavLim,Vtip,Vtipmax,penalty,valid
0.7998694927983119,0.48526015368610187,0.6712357101726651,5,105.64849045898994,105.64849045898994,-105.64849045898994
history
-110.121662,-110.121662,-110.121662,-110.121662,-110.121662,-110.121662,-110.121662,-110.121662,-110.121662,-110.121662,-110.121662,-110.121662,-110.121662,-110.121662,-110.121662,-110.121662,-110.121662,-110.121662,-110.121662,-110.121662,-106.85479,-106.85479,-106.85479,-106.85479,-106.85479,-106.85479,-106.85479,-106.85479,-106.85479,-106.85479
solver Name,V_S,NPOPULATION,MAX_ITERATION,SEED
DE,7.5,30,30,3
