D = propeller diameter [m],AEdAO = expanded area ratio,PdD = pitch ratio,Z = propeller's number of blades,P_B = power brake,n = Propeller angular speed [rpm],fitness,t075dD,tmin075dD,tal07R,cavLim,Vtip,Vtipmax,penalty,valid
0.8,0.6848955012778282,0.6261731622093591,5,106.37084312818968,106.37084312818968,-106.37084312818968
history
-193.083115,-193.083115,-193.083115,-193.083115,-193.083115,-193.083115,-193.083115,-193.083115,-193.083115,-193.083115,-193.083115,-193.083115,-193.083115,-193.083115,-193.083115,-193.083115,-193.083115,-193.083115,-193.083115,-193.083115,-193.083115,-193.083115,-193.083115,-193.083115,-193.083115,-193.083115,-110.160966,-110.160966,-110.160966,-110.160966
solver Name,V_S,NPOPULATION,MAX_ITERATION,SEED
DE,7.5,30,30,2
