D = propeller diameter [m],AEdAO = expanded area ratio,PdD = pitch ratio,Z = propeller's number of blades,P_B = power brake,n = Propeller angular speed [rpm],fitness,t075dD,tmin075dD,tal07R,cavLim,Vtip,Vtipmax,penalty,valid
0.8,0.7451592937432875,0.7014311330478399,5,106.48141327580551,106.48141327580551,-106.48141327580551
history
-121.516709,-121.516709,-121.516709,-121.516709,-121.516709,-121.516709,-121.516709,-121.516709,-112.942006,-112.942006,-112.942006,-111.617118,-111.617118,-111.617118,-111.617118,-111.617118,-111.617118,-111.617118,-111.617118,-111.617118,-107.242387,-107.242387,-107.242387,-107.242387,-107.242387,-107.242387,-107.242387,-107.242387,-107.242387,-107.242387
solver Name,V_S,NPOPULATION,MAX_ITERATION,SEED
DE,7.5,30,30,1
