D = propeller diameter [m],AEdAO = expanded area ratio,PdD = pitch ratio,Z = propeller's number of blades,P_B = power brake,n = Propeller angular speed [rpm],fitness,t075dD,tmin075dD,tal07R,cavLim,Vtip,Vtipmax,penalty,valid
0.8,0.643159348192462,0.6402280470955151,5,81.57660623475903,81.57660623475903,-81.57660623475903
history
-98.888482,-95.343627,-95.343627,-95.343627,-95.343627,-95.343627,-95.343627,-95.343627,-95.343627,-95.343627,-95.343627,-95.343627,-95.343627,-84.568043,-84.568043,-83.312831,-83.312831,-81.702484,-81.702484,-81.702484,-81.702484,-81.702484,-81.702484,-81.702484,-81.702484,-81.702484,-81.702484,-81.702484,-81.702484,-81.702484
solver Name,V_S,NPOPULATION,MAX_ITERATION,SEED
DE,7.0,30,30,7
