D = propeller diameter [m],AEdAO = expanded area ratio,PdD = pitch ratio,Z = propeller's number of blades,P_B = power brake,n = Propeller angular speed [rpm],fitness,t075dD,tmin075dD,tal07R,cavLim,Vtip,Vtipmax,penalty,valid
0.8,0.747572701610414,0.7022782723793299,5,106.51453789289376,106.51453789289376,-106.51453789289376
history
-115.08265,-118.112067,-116.356676,-111.073469,-112.568761,-107.977562,-111.150191,-110.920429,-108.569885,-107.122267,-107.62238,-107.623631,-107.585016,-107.122267,-106.816053,-107.089649,-106.779629,-106.779629,-106.89043,-106.779629,-106.918625,-106.779629,-106.650714,-106.779629,-106.73185,-106.514538,-106.577032,-106.577032,-106.550001,-106.701286
solver Name,V_S,NPOPULATION,MAX_ITERATION,SEED
DE_mod,7.5,30,30,1
