D = propeller diameter [m],AEdAO = expanded area ratio,PdD = pitch ratio,Z = propeller's number of blades,P_B = power brake,n = Propeller angular speed [rpm],fitness,t075dD,tmin075dD,tal07R,cavLim,Vtip,Vtipmax,penalty,valid
0.8,0.6388789446400001,0.678056963114326,5,81.42030602554372,81.42030602554372,-81.42030602554372
history
-86.517797,-82.462125,-83.374581,-82.511592,-85.887282,-83.374581,-82.501832,-82.402379,-82.278446,-82.235134,-82.183376,-81.568596,-82.074786,-81.568596,-81.575943,-81.887862,-81.568596,-81.572048,-81.568596,-81.642447,-81.568596,-81.539306,-81.621734,-81.559614,-81.660134,-81.420306,-81.486346,-81.512855,-81.518639,-81.539306
solver Name,V_S,NPOPULATION,MAX_ITERATION,SEED
DE_mod,7.0,30,30,2
