D = propeller diameter [m],AEdAO = expanded area ratio,PdD = pitch ratio,Z = propeller's number of blades,P_B = power brake,n = Propeller angular speed [rpm],fitness,t075dD,tmin075dD,tal07R,cavLim,Vtip,Vtipmax,penalty,valid
0.8,0.6484938255076117,0.6647088130988826,5,81.47526406580374,81.47526406580374,-81.47526406580374
history
-106.264799,-106.264799,-106.264799,-106.264799,-106.264799,-106.264799,-106.264799,-106.264799,-106.264799,-106.264799,-106.264799,-106.264799,-106.264799,-106.264799,-91.247867,-91.247867,-91.247867,-85.727915,-85.727915,-85.727915,-85.727915,-85.727915,-85.727915,-85.727915,-85.727915,-85.727915,-85.727915,-85.572165,-85.572165,-85.572165
solver Name,V_S,NPOPULATION,MAX_ITERATION,SEED
DE,7.0,30,30,0
