D = propeller diameter [m],AEdAO = expanded area ratio,PdD = pitch ratio,Z = propeller's number of blades,P_B = power brake,n = Propeller angular speed [rpm],fitness,t075dD,tmin075dD,tal07R,cavLim,Vtip,Vtipmax,penalty,valid
0.8,0.7914503727691676,0.6887237983908655,6,106.82458457615945,106.82458457615945,-106.82458457615945
history
-136.758854,-136.758854,-136.758854,-136.758854,-136.758854,-136.758854,-136.758854,-136.758854,-136.758854,-136.758854,-136.758854,-136.758854,-136.758854,-136.758854,-136.758854,-136.758854,-136.758854,-136.758854,-136.758854,-136.758854,-136.758854,-136.758854,-136.758854,-136.758854,-117.600225,-117.600225,-117.600225,-117.600225,-117.600225,-116.597194
solver Name,V_S,NPOPULATION,MAX_ITERATION,SEED
DE,7.5,30,30,0
