D = propeller diameter [m],AEdAO = expanded area ratio,PdD = pitch ratio,Z = propeller's number of blades,P_B = power brake,n = Propeller angular speed [rpm],fitness,t075dD,tmin075dD,tal07R,cavLim,Vtip,Vtipmax,penalty,valid
0.8,0.892743634282667,0.6566641099128394,6,169.69427190729206,169.69427190729206,-169.69427190729206
history
-236.142673,-206.082831,-197.553527,-206.461833,-175.035658,-184.376774,-181.09417,-174.014627,-174.014627,-177.968723,-171.540985,-171.589396,-173.013207,-170.866402,-173.208996,-174.353026,-170.866402,-172.978357,-172.340853,-170.718298,-171.534038,-171.503898,-169.694272,-170.137995,-171.50064,-171.172868,-169.864787,-170.408574,-170.19207,-169.713133
solver Name,V_S,NPOPULATION,MAX_ITERATION,SEED
DE_mod,8.5,30,30,6
