D = propeller diameter [m],AEdAO = expanded area ratio,PdD = pitch ratio,Z = propeller's number of blades,P_B = power brake,n = Propeller angular speed [rpm],fitness,t075dD,tmin075dD,tal07R,cavLim,Vtip,Vtipmax,penalty,valid
0.8,0.6550568733565982,0.6764643383182372,5,81.47818904603315,81.47818904603315,-81.47818904603315
history
-85.630885,-84.2337,-86.997378,-83.600959,-84.964548,-85.270673,-83.956484,-84.005274,-83.600959,-84.358618,-81.966164,-81.845014,-83.105052,-83.261281,-81.700596,-81.700596,-82.626355,-81.780098,-81.966164,-81.734647,-82.115259,-81.762225,-82.086574,-81.621502,-81.662653,-81.676831,-81.662653,-81.478189,-81.628844,-81.675463
solver Name,V_S,NPOPULATION,MAX_ITERATION,SEED
DE_mod,7.0,30,30,6
