D = propeller diameter [m],AEdAO = expanded area ratio,PdD = pitch ratio,Z = propeller's number of blades,P_B = power brake,n = Propeller angular speed [rpm],fitness,t075dD,tmin075dD,tal07R,cavLim,Vtip,Vtipmax,penalty,valid
0.8,0.6377497423999998,0.6652172949742137,5,81.44176031521403,81.44176031521403,-81.44176031521403
history
-100.523212,-102.249725,-103.016734,-95.025387,-84.48614,-83.562557,-83.841199,-83.716067,-84.330524,-84.215108,-81.736087,-81.750471,-82.431838,-82.751409,-81.622104,-81.750471,-82.259261,-81.452397,-81.452397,-81.485465,-81.485465,-81.693809,-81.452397,-81.869736,-81.472938,-81.452397,-81.44176,-81.666419,-81.56357,-81.454072
solver Name,V_S,NPOPULATION,MAX_ITERATION,SEED
DE_mod,7.0,30,30,8
