D = propeller diameter [m],AEdAO = expanded area ratio,PdD = pitch ratio,Z = propeller's number of blades,P_B = power brake,n = Propeller angular speed [rpm],fitness,t075dD,tmin075dD,tal07R,cavLim,Vtip,Vtipmax,penalty,valid
0.8,0.8106435682116868,0.6660819399487352,6,135.7385483104492,135.7385483104492,-135.7385483104492
history
-146.757147,-138.162247,-141.80927,-143.460097,-138.987069,-142.438962,-141.9105,-141.570808,-139.716834,-139.184138,-140.078092,-139.184138,-138.584597,-138.987069,-139.178442,-138.162247,-138.584597,-139.924591,-136.305397,-136.256968,-137.503226,-136.761536,-136.66107,-136.50921,-137.038708,-136.371452,-135.738548,-136.262004,-136.386902,-135.987144
solver Name,V_S,NPOPULATION,MAX_ITERATION,SEED
DE_mod,8.0,30,30,2
