D = propeller diameter [m],AEdAO = expanded area ratio,PdD = pitch ratio,Z = propeller's number of blades,P_B = power brake,n = Propeller angular speed [rpm],fitness,t075dD,tmin075dD,tal07R,cavLim,Vtip,Vtipmax,penalty,valid
0.8,0.6375685455984571,0.6471256854721387,5,81.50839537863448,81.50839537863448,-81.50839537863448
history
-91.021115,-91.021115,-91.021115,-91.021115,-91.021115,-91.021115,-91.021115,-91.021115,-91.021115,-91.021115,-91.021115,-91.021115,-91.021115,-91.021115,-91.021115,-91.021115,-86.22262,-86.22262,-86.22262,-86.090609,-86.090609,-83.402273,-83.258053,-83.258053,-83.258053,-82.982345,-82.982345,-82.179471,-81.719279,-81.719279
solver Name,V_S,NPOPULATION,MAX_ITERATION,SEED
DE,7.0,30,30,9
