D = propeller diameter [m],AEdAO = expanded area ratio,PdD = pitch ratio,Z = propeller's number of blades,P_B = power brake,n = Propeller angular speed [rpm],fitness,t075dD,tmin075dD,tal07R,cavLim,Vtip,Vtipmax,penalty,valid
0.7924580631704231,0.8232684676096527,0.8562214967552622,7,172.28813824354762,172.28813824354762,-172.28813824354762
history
-178.549746,-258.209657,-178.173637,-215.51976,-178.307292,-180.736901,-248.518489,-198.302955,-174.516487,-174.516487,-189.125135,-178.307292,-178.307292,-185.169573,-193.258601,-180.770382,-173.144001,-185.032306,-174.516487,-173.770677,-173.973543,-176.953679,-174.39654,-185.474523,-173.204686,-173.003688,-176.041903,-172.966131,-173.204226,-172.966131
solver Name,V_S,NPOPULATION,MAX_ITERATION,SEED
DE_mod,8.5,30,30,2
