D = propeller diameter [m],AEdAO = expanded area ratio,PdD = pitch ratio,Z = propeller's number of blades,P_B = power brake,n = Propeller angular speed [rpm],fitness,t075dD,tmin075dD,tal07R,cavLim,Vtip,Vtipmax,penalty,valid
0.8,0.6596413415012501,0.6737430684877532,5,81.50446133125678,81.50446133125678,-81.50446133125678
history
-91.160485,-90.593733,-90.593733,-90.593733,-90.593733,-90.593733,-90.593733,-90.593733,-90.593733,-90.593733,-86.980535,-86.980535,-86.928959,-86.928959,-86.928959,-86.061617,-86.061617,-86.061617,-86.061617,-86.061617,-86.061617,-86.061617,-83.544181,-83.544181,-83.534057,-83.534057,-83.534057,-83.534057,-83.534057,-83.534057
solver Name,V_S,NPOPULATION,MAX_ITERATION,SEED
DE,7.0,30,30,8
