D = propeller diameter [m],AEdAO = expanded area ratio,PdD = pitch ratio,Z = propeller's number of blades,P_B = power brake,n = Propeller angular speed [rpm],fitness,t075dD,tmin075dD,tal07R,cavLim,Vtip,Vtipmax,penalty,valid
0.8,0.8376322367140789,0.6949172715347496,6,135.82897189856035,135.82897189856035,-135.82897189856035
history
-160.771245,-143.718353,-165.468747,-146.255765,-139.811369,-136.912,-137.71109,-137.95308,-136.912,-137.438561,-139.743016,-141.941692,-140.311863,-137.71109,-136.912,-139.301307,-139.262871,-138.808633,-138.808633,-137.438561,-136.912,-136.388506,-136.471426,-136.258173,-136.393741,-137.580282,-135.828972,-136.123121,-136.62762,-136.123121
solver Name,V_S,NPOPULATION,MAX_ITERATION,SEED
DE_mod,8.0,30,30,9
