D = propeller diameter [m],AEdAO = expanded area ratio,PdD = pitch ratio,Z = propeller's number of blades,P_B = power brake,n = Propeller angular speed [rpm],fitness,t075dD,tmin075dD,tal07R,cavLim,Vtip,Vtipmax,penalty,valid
0.8,0.821382782568828,0.6863410078091807,5,135.90346743453077,135.90346743453077,-135.90346743453077
history
-148.611227,-138.281354,-138.145741,-144.298256,-144.298256,-139.533196,-138.145741,-142.928362,-141.841096,-137.434144,-137.460505,-137.460505,-138.336714,-136.741356,-138.922986,-139.697352,-138.739153,-136.663003,-136.663003,-137.226569,-138.702562,-136.796105,-137.850435,-137.702005,-137.052972,-136.796105,-137.896078,-136.18112,-135.903467,-136.18112
solver Name,V_S,NPOPULATION,MAX_ITERATION,SEED
DE_mod,8.0,30,30,9
