D = propeller diameter [m],AEdAO = expanded area ratio,PdD = pitch ratio,Z = propeller's number of blades,P_B = power brake,n = Propeller angular speed [rpm],fitness,t075dD,tmin075dD,tal07R,cavLim,Vtip,Vtipmax,penalty,valid
0.8,0.668559703632148,0.6622983861408078,5,81.5705799607263,81.5705799607263,-81.5705799607263
history
-122.72769,-88.193145,-88.193145,-88.193145,-88.193145,-88.193145,-88.193145,-88.193145,-84.223554,-84.223554,-84.223554,-84.223554,-84.223554,-84.223554,-84.223554,-83.04627,-83.04627,-83.04627,-83.04627,-83.04627,-83.04627,-83.04627,-83.04627,-83.04627,-83.04627,-83.04627,-83.04627,-83.04627,-83.04627,-82.19824
solver Name,V_S,NPOPULATION,MAX_ITERATION,SEED
DE,7.0,30,30,3
