D = propeller diameter [m],AEdAO = expanded area ratio,PdD = pitch ratio,Z = propeller's number of blades,P_B = power brake,n = Propeller angular speed [rpm],fitness,t075dD,tmin075dD,tal07R,cavLim,Vtip,Vtipmax,penalty,valid
0.8,0.6483886083537511,0.6501611934942412,5,81.53669172428442,81.53669172428442,-81.53669172428442
history
-84.291364,-84.107988,-83.860494,-83.502293,-82.904783,-82.904783,-84.006533,-82.311264,-82.276418,-82.311264,-81.848399,-82.276418,-81.613063,-81.807491,-82.133983,-81.613063,-82.133983,-81.85306,-81.807491,-81.957121,-81.840942,-81.584798,-81.848399,-81.584798,-81.6101,-81.536692,-81.672057,-81.643077,-81.643077,-81.562642
solver Name,V_S,NPOPULATION,MAX_ITERATION,SEED
DE_mod,7.0,30,30,9
