D = propeller diameter [m],AEdAO = expanded area ratio,PdD = pitch ratio,Z = propeller's number of blades,P_B = power brake,n = Propeller angular speed [rpm],fitness,t075dD,tmin075dD,tal07R,cavLim,Vtip,Vtipmax,penalty,valid
0.8,0.6722028021200569,0.6843366899658482,5,81.55306834227248,81.55306834227248,-81.55306834227248
history
-85.404364,-85.404364,-84.285063,-84.515592,-83.626844,-83.141832,-83.948306,-84.247973,-82.882171,-82.527353,-82.711921,-82.985766,-82.835423,-82.446803,-81.98997,-81.76862,-81.915669,-81.683674,-81.915669,-81.849935,-81.629935,-81.629935,-81.567125,-81.654258,-81.553068,-81.690765,-81.641162,-81.553068,-81.654258,-81.683674
solver Name,V_S,NPOPULATION,MAX_ITERATION,SEED
DE_mod,7.0,30,30,4
