D = propeller diameter [m],AEdAO = expanded area ratio,PdD = pitch ratio,Z = propeller's number of blades,P_B = power brake,n = Propeller angular speed [rpm],fitness,t075dD,tmin075dD,tal07R,cavLim,Vtip,Vtipmax,penalty,valid
0.8,0.8982812935326183,0.6836043304767397,5,169.9634197276374,169.9634197276374,-169.9634197276374
history
-217.253362,-226.089242,-177.873954,-201.095187,-173.243364,-171.826878,-228.903404,-197.138059,-191.108274,-178.209063,-176.174521,-171.826878,-173.334436,-173.606779,-176.444532,-173.243364,-173.179755,-171.822705,-172.658066,-171.171166,-171.822705,-173.6765,-171.290991,-173.18114,-170.335934,-172.480836,-170.335934,-171.2133,-169.96342,-169.96342
solver Name,V_S,NPOPULATION,MAX_ITERATION,SEED
DE_mod,8.5,30,30,8
