D = propeller diameter [m],AEdAO = expanded area ratio,PdD = pitch ratio,Z = propeller's number of blades,P_B = power brake,n = Propeller angular speed [rpm],fitness,t075dD,tmin075dD,tal07R,cavLim,Vtip,Vtipmax,penalty,valid
0.8,0.6544530030927727,0.6946680783000773,5,81.48231052432347,81.48231052432347,-81.48231052432347
history
-134.256331,-134.256331,-134.256331,-134.256331,-134.256331,-134.256331,-134.256331,-134.256331,-134.256331,-134.256331,-134.256331,-134.256331,-134.256331,-134.256331,-134.256331,-134.256331,-88.431776,-88.431776,-88.431776,-88.431776,-83.658858,-83.389051,-82.627991,-82.627991,-82.627991,-82.627991,-82.627991,-82.627991,-82.627991,-82.627991
solver Name,V_S,NPOPULATION,MAX_ITERATION,SEED
DE,7.0,30,30,6
