D = propeller diameter [m],AEdAO = expanded area ratio,PdD = pitch ratio,Z = propeller's number of blades,P_B = power brake,n = Propeller angular speed [rpm],fitness,t075dD,tmin075dD,tal07R,cavLim,Vtip,Vtipmax,penalty,valid
0.7866192509637266,0.30959504136781724,0.5587743757849281,2,130.2220127179566,130.2220127179566,-130.2220127179566
history
-145.660808,-142.933659,-142.933659,-139.87382,-139.945913,-142.933659,-149.303168,-155.104074,-139.027605,-140.362562,-139.027605,-139.671131,-139.910592,-142.447902,-136.688763,-136.688763,-136.688763,-136.719454,-139.808054,-139.560555,-136.688763,-140.452295,-139.333843,-136.626332,-136.626332,-137.029258,-136.767448,-137.764585,-136.626332,-136.767448
solver Name,V_S,NPOPULATION,MAX_ITERATION,SEED
DE_mod,8.0,30,30,7
