D = propeller diameter [m],AEdAO = expanded area ratio,PdD = pitch ratio,Z = propeller's number of blades,P_B = power brake,n = Propeller angular speed [rpm],fitness,t075dD,tmin075dD,tal07R,cavLim,Vtip,Vtipmax,penalty,valid
0.8,0.7160837002999788,0.6696328430120481,5,106.26384441586272,106.26384441586272,-106.26384441586272
history
-128.335681,-110.70817,-107.234699,-114.095002,-110.70817,-109.422726,-107.374827,-109.243919,-109.134278,-106.929709,-106.890334,-106.385579,-106.890334,-106.478126,-106.691541,-106.64551,-106.65047,-106.478126,-106.263844,-106.385579,-106.263844,-106.329251,-106.500327,-106.329251,-106.530462,-106.444462,-106.431188,-106.329251,-106.263844,-106.402989
solver Name,V_S,NPOPULATION,MAX_ITERATION,SEED
DE_mod,7.5,30,30,8
