D = propeller diameter [m],AEdAO = expanded area ratio,PdD = pitch ratio,Z = propeller's number of blades,P_B = power brake,n = Propeller angular speed [rpm],fitness,t075dD,tmin075dD,tal07R,cavLim,Vtip,Vtipmax,penalty,valid
0.8,0.9120500511967051,0.7011826098874836,6,169.6687356157753,169.6687356157753,-169.6687356157753
history
-179.366221,-183.836541,-244.331404,-173.144554,-180.49876,-201.451347,-176.357358,-182.030243,-182.226275,-176.184453,-172.362395,-174.795252,-172.976147,-172.647352,-176.442451,-173.491149,-172.362395,-172.976147,-173.053301,-172.463574,-173.947534,-173.14657,-169.668736,-170.993576,-171.892072,-169.864561,-170.510825,-171.501588,-170.432317,-169.774822
solver Name,V_S,NPOPULATION,MAX_ITERATION,SEED
DE_mod,8.5,30,30,4
