D = propeller diameter [m],AEdAO = expanded area ratio,PdD = pitch ratio,Z = propeller's number of blades,P_B = power brake,n = Propeller angular speed [rpm],fitness,t075dD,tmin075dD,tal07R,cavLim,Vtip,Vtipmax,penalty,valid
0.794775133000571,0.49251352097718093,0.6355977383717903,5,134.7100689270112,134.7100689270112,-134.7100689270112
history
-143.07767,-163.403554,-175.732345,-209.928772,-175.39676,-144.929264,-142.465785,-140.945421,-141.854977,-141.568543,-139.814868,-142.755564,-140.914278,-138.412427,-136.664082,-139.100498,-139.100498,-138.20039,-139.397177,-138.20039,-138.030185,-138.080906,-136.538359,-137.967378,-137.218618,-137.391025,-137.342347,-136.538359,-135.82915,-135.82915
solver Name,V_S,NPOPULATION,MAX_ITERATION,SEED
DE_mod,8.0,30,30,5
