D = propeller diameter [m],AEdAO = expanded area ratio,PdD = pitch ratio,Z = propeller's number of blades,P_B = power brake,n = Propeller angular speed [rpm],fitness,t075dD,tmin075dD,tal07R,cavLim,Vtip,Vtipmax,penalty,valid
0.8,0.9857122893330352,0.7596645110720135,6,171.30403609054088,171.30403609054088,-171.30403609054088
history
-254.478885,-223.54436,-181.620799,-182.146947,-178.6194,-207.640614,-192.320414,-173.361772,-181.890217,-185.818076,-178.945192,-184.919844,-174.318414,-173.361772,-171.304036,-183.318428,-174.318414,-173.357531,-173.021377,-174.228579,-171.625585,-174.318414,-172.997072,-172.469739,-172.028688,-173.146858,-171.304036,-173.021377,-171.304036,-171.304036
solver Name,V_S,NPOPULATION,MAX_ITERATION,SEED
DE_mod,8.5,30,30,9
