D = propeller diameter [m],AEdAO = expanded area ratio,PdD = pitch ratio,Z = propeller's number of blades,P_B = power brake,n = Propeller angular speed [rpm],fitness,t075dD,tmin075dD,tal07R,cavLim,Vtip,Vtipmax,penalty,valid
0.8,0.7081964131840005,0.6567924783499262,5,106.26066892538122,106.26066892538122,-106.26066892538122
history
-112.315382,-112.315382,-114.478655,-122.264686,-110.654334,-110.654334,-109.579086,-108.752457,-107.36683,-107.576293,-108.46336,-107.297821,-107.295658,-107.403864,-106.892334,-106.280119,-106.81963,-106.663194,-106.280119,-106.326007,-106.941757,-106.941757,-106.260669,-106.532554,-106.472738,-106.40827,-106.466308,-106.391599,-106.391599,-106.463368
solver Name,V_S,NPOPULATION,MAX_ITERATION,SEED
DE_mod,7.5,30,30,3
