D = propeller diameter [m],AEdAO = expanded area ratio,PdD = pitch ratio,Z = propeller's number of blades,P_B = power brake,n = Propeller angular speed [rpm],fitness,t075dD,tmin075dD,tal07R,cavLim,Vtip,Vtipmax,penalty,valid
0.8,0.7421028764250994,0.6736510694245613,6,106.61434804994978,106.61434804994978,-106.61434804994978
history
-148.763666,-148.763666,-148.763666,-148.763666,-148.763666,-148.763666,-148.763666,-148.763666,-148.763666,-148.763666,-148.763666,-148.763666,-148.763666,-148.763666,-148.763666,-148.763666,-148.763666,-148.763666,-148.763666,-148.763666,-148.763666,-148.763666,-148.763666,-148.763666,-148.763666,-148.763666,-148.763666,-107.903624,-107.903624,-107.903624
solver Name,V_S,NPOPULATION,MAX_ITERATION,SEED
DE,7.5,30,30,6
