D = propeller diameter [m],AEdAO = expanded area ratio,PdD = pitch ratio,Z = propeller's number of blades,P_B = power brake,n = Propeller angular speed [rpm],fitness,t075dD,tmin075dD,tal07R,cavLim,Vtip,Vtipmax,penalty,valid
0.8,0.6501189544793303,0.6765567587020797,5,81.46197294093356,81.46197294093356,-81.46197294093356
history
-87.421735,-88.694835,-86.223785,-85.845332,-86.223785,-86.060853,-86.204916,-86.134006,-85.103864,-83.184806,-83.018301,-83.018301,-83.911392,-82.057571,-82.094628,-82.057571,-82.2519,-82.057571,-82.094628,-81.482263,-81.482263,-81.664886,-81.764812,-81.482263,-81.56794,-81.601921,-81.664886,-81.53182,-81.461973,-81.568754
solver Name,V_S,NPOPULATION,MAX_ITERATION,SEED
DE_mod,7.0,30,30,9
