D = propeller diameter [m],AEdAO = expanded area ratio,PdD = pitch ratio,Z = propeller's number of blades,P_B = power brake,n = Propeller angular speed [rpm],fitness,t075dD,tmin075dD,tal07R,cavLim,Vtip,Vtipmax,penalty,valid
0.8,0.9365691325944834,0.702130246634884,6,170.10801496451128,170.10801496451128,-170.10801496451128
history
-221.879084,-211.982974,-199.443612,-211.853118,-239.029835,-202.187777,-179.933835,-188.622107,-189.853225,-176.862188,-176.862188,-179.933835,-172.798544,-173.078127,-173.157413,-174.393175,-173.187228,-171.108724,-174.393175,-179.360433,-171.404705,-173.078127,-174.450677,-172.135284,-172.289787,-172.455003,-170.552249,-170.108015,-170.933205,-170.673357
solver Name,V_S,NPOPULATION,MAX_ITERATION,SEED
DE_mod,8.5,30,30,7
