D = propeller diameter [m],AEdAO = expanded area ratio,PdD = pitch ratio,Z = propeller's number of blades,P_B = power brake,n = Propeller angular speed [rpm],fitness,t075dD,tmin075dD,tal07R,cavLim,Vtip,Vtipmax,penalty,valid
0.7991313379690953,0.8259201906687358,0.6673936790604276,6,136.02279079667758,136.02279079667758,-136.02279079667758
history
-173.187487,-166.786852,-187.493223,-145.120312,-139.740776,-136.910567,-145.015549,-139.740776,-136.910567,-143.90621,-137.107842,-138.166877,-138.668834,-139.688337,-136.910567,-138.275709,-139.182469,-137.489385,-137.229223,-137.363539,-137.229223,-138.166877,-136.384266,-136.389196,-138.450053,-136.465098,-136.384266,-136.940742,-136.384266,-136.022791
solver Name,V_S,NPOPULATION,MAX_ITERATION,SEED
DE_mod,8.0,30,30,8
