D = propeller diameter [m],AEdAO = expanded area ratio,PdD = pitch ratio,Z = propeller's number of blades,P_B = power brake,n = Propeller angular speed [rpm],fitness,t075dD,tmin075dD,tal07R,cavLim,Vtip,Vtipmax,penalty,valid
0.8,0.646542627145871,0.6806273616870375,5,81.44360807803429,81.44360807803429,-81.44360807803429
history
-108.777356,-108.777356,-108.777356,-108.777356,-108.777356,-108.777356,-108.777356,-108.777356,-108.777356,-108.777356,-108.777356,-108.777356,-108.777356,-83.849935,-83.849935,-83.849935,-83.467848,-83.467848,-83.467848,-83.175073,-83.175073,-83.175073,-83.175073,-83.175073,-83.175073,-83.175073,-83.175073,-82.17685,-82.17685,-82.17685
solver Name,V_S,NPOPULATION,MAX_ITERATION,SEED
DE,7.0,30,30,9
