D = propeller diameter [m],AEdAO = expanded area ratio,PdD = pitch ratio,Z = propeller's number of blades,P_B = power brake,n = Propeller angular speed [rpm],fitness,t075dD,tmin075dD,tal07R,cavLim,Vtip,Vtipmax,penalty,valid
0.8,0.6297639907808049,0.6646843392612816,5,81.41608319573326,81.41608319573326,-81.41608319573326
history
-83.543605,-86.128662,-85.028443,-86.822709,-83.456954,-86.086446,-83.667568,-83.666405,-81.806083,-83.095476,-82.34852,-82.215477,-82.303783,-82.28595,-81.937303,-82.196498,-82.300018,-81.806083,-81.937303,-81.806083,-82.02644,-82.158745,-81.806083,-81.416083,-81.532769,-81.520769,-81.822572,-81.597112,-81.416083,-81.541564
solver Name,V_S,NPOPULATION,MAX_ITERATION,SEED
DE_mod,7.0,30,30,3
