D = propeller diameter [m],AEdAO = expanded area ratio,PdD = pitch ratio,Z = propeller's number of blades,P_B = power brake,n = Propeller angular speed [rpm],fitness,t075dD,tmin075dD,tal07R,cavLim,Vtip,Vtipmax,penalty,valid
0.8,0.9465193454844786,0.7326015338505144,6,170.28177996366884,170.28177996366884,-170.28177996366884
history
-223.101815,-218.986629,-208.169546,-194.507141,-199.934573,-182.884502,-172.854796,-180.398401,-193.196809,-191.161061,-173.517564,-174.072523,-170.433535,-176.161856,-173.499205,-174.562347,-173.684187,-173.966438,-173.349175,-173.307582,-173.412196,-170.946639,-170.433535,-170.433535,-170.808052,-172.643618,-170.824978,-172.155649,-170.28178,-170.282982
solver Name,V_S,NPOPULATION,MAX_ITERATION,SEED
DE_mod,8.5,30,30,9
