D = propeller diameter [m],AEdAO = expanded area ratio,PdD = pitch ratio,Z = propeller's number of blades,P_B = power brake,n = Propeller angular speed [rpm],fitness,t075dD,tmin075dD,tal07R,cavLim,Vtip,Vtipmax,penalty,valid
0.8,0.7954686921013796,0.6990788265696742,5,106.93651407707543,106.93651407707543,-106.93651407707543
history
-134.116654,-134.116654,-134.116654,-134.116654,-134.116654,-134.116654,-134.116654,-134.116654,-134.116654,-134.116654,-134.116654,-134.116654,-134.116654,-134.116654,-134.116654,-134.116654,-134.116654,-134.116654,-134.116654,-134.116654,-134.116654,-134.116654,-134.116654,-134.116654,-134.116654,-134.116654,-134.116654,-134.116654,-109.427208,-109.427208
solver Name,V_S,NPOPULATION,MAX_ITERATION,SEED
DE,7.5,30,30,4
