D = propeller diameter [m],AEdAO = expanded area ratio,PdD = pitch ratio,Z = propeller's number of blades,P_B = power brake,n = Propeller angular speed [rpm],fitness,t075dD,tmin075dD,tal07R,cavLim,Vtip,Vtipmax,penalty,valid
0.8,0.7035076115959801,0.6445173830428225,5,106.3206666626058,106.3206666626058,-106.3206666626058
history
-118.799337,-107.946355,-108.668309,-109.235968,-108.820069,-110.219888,-108.820069,-108.065703,-107.917438,-108.996423,-108.642585,-107.147826,-106.996644,-107.125328,-108.268433,-107.123617,-106.507534,-106.958698,-106.734004,-106.507534,-106.368929,-106.543763,-106.563239,-106.320667,-106.434516,-106.658996,-106.320667,-106.434516,-106.368929,-106.380545
solver Name,V_S,NPOPULATION,MAX_ITERATION,SEED
DE_mod,7.5,30,30,9
