D = propeller diameter [m],AEdAO = expanded area ratio,PdD = pitch ratio,Z = propeller's number of blades,P_B = power brake,n = Propeller angular speed [rpm],fitness,t075dD,tmin075dD,tal07R,cavLim,Vtip,Vtipmax,penalty,valid
0.8,0.8987959380039019,0.6746004059056262,6,169.5324966964534,169.5324966964534,-169.5324966964534
history
-219.865289,-190.086241,-170.313489,-204.971447,-174.553096,-173.291316,-179.039901,-186.687703,-173.975941,-173.291316,-173.291316,-173.056044,-173.701164,-173.056044,-173.056044,-173.29044,-172.488969,-173.08782,-173.652759,-170.933907,-173.294661,-173.701164,-170.933907,-171.977908,-173.50835,-169.738871,-171.325194,-170.313489,-171.325194,-169.532497
solver Name,V_S,NPOPULATION,MAX_ITERATION,SEED
DE_mod,8.5,30,30,1
