D = propeller diameter [m],AEdAO = expanded area ratio,PdD = pitch ratio,Z = propeller's number of blades,P_B = power brake,n = Propeller angular speed [rpm],fitness,t075dD,tmin075dD,tal07R,cavLim,Vtip,Vtipmax,penalty,valid
0.799458031173632,0.7098706292580821,0.6605480833445341,5,106.30907733791646,106.30907733791646,-106.30907733791646
history
-122.922567,-123.057679,-111.112135,-110.791893,-107.335139,-108.848232,-108.22164,-112.322037,-109.073216,-108.14252,-106.833555,-107.035511,-107.932017,-106.657891,-106.674569,-106.763896,-106.808065,-106.657891,-106.868955,-106.68459,-106.519926,-106.443186,-106.624747,-106.506308,-106.483509,-106.309077,-106.415788,-106.483509,-106.471731,-106.392061
solver Name,V_S,NPOPULATION,MAX_ITERATION,SEED
DE_mod,7.5,30,30,4
