D = propeller diameter [m],AEdAO = expanded area ratio,PdD = pitch ratio,Z = propeller's number of blades,P_B = power brake,n = Propeller angular speed [rpm],fitness,t075dD,tmin075dD,tal07R,cavLim,Vtip,Vtipmax,penalty,valid
0.8,0.8056816578860888,0.6749330816566175,6,135.6027098492016,135.6027098492016,-135.6027098492016
history
-151.908146,-143.824863,-147.014792,-143.520932,-143.190266,-154.540618,-138.166919,-138.166919,-140.257176,-143.190266,-138.166919,-139.991792,-139.620099,-138.166919,-138.507614,-140.529962,-138.848597,-138.507614,-138.87451,-138.214962,-137.521009,-138.39073,-136.636359,-136.324771,-136.324771,-136.028973,-136.754464,-136.042837,-135.756771,-135.60271
solver Name,V_S,NPOPULATION,MAX_ITERATION,SEED
DE_mod,8.0,30,30,0
