D = propeller diameter [m],AEdAO = expanded area ratio,PdD = pitch ratio,Z = propeller's number of blades,P_B = power brake,n = Propeller angular speed [rpm],fitness,t075dD,tmin075dD,tal07R,cavLim,Vtip,Vtipmax,penalty,valid
0.8,0.7521713361652267,0.6464421872276938,5,106.75520587658637,106.75520587658637,-106.75520587658637
history
-144.110693,-144.110693,-144.110693,-144.110693,-144.110693,-144.110693,-144.110693,-144.110693,-144.110693,-144.110693,-144.110693,-144.110693,-144.110693,-144.110693,-144.110693,-144.110693,-144.110693,-144.110693,-114.506441,-114.506441,-110.311607,-110.311607,-107.311691,-107.311691,-107.311691,-107.311691,-107.311691,-107.311691,-107.311691,-107.311691
solver Name,V_S,NPOPULATION,MAX_ITERATION,SEED
DE,7.5,30,30,7
